{
  "lang":"en",
  "name":"pipeline",
  "version":"0.0.0",
  "spacy_version":">=3.5.4,<3.6.0",
  "description":"",
  "author":"",
  "email":"",
  "url":"",
  "license":"",
  "spacy_git_version":"7a2833bf2",
  "vectors":{
    "width":0,
    "vectors":0,
    "keys":0,
    "name":null,
    "mode":"default"
  },
  "labels":{
    "tok2vec":[

    ],
    "spancat":[
      "Invention",
      "MainComponent",
      "SubComponent",
      "ApplicationDomain"
    ]
  },
  "pipeline":[
    "tok2vec",
    "spancat"
  ],
  "components":[
    "tok2vec",
    "spancat"
  ],
  "disabled":[

  ],
  "performance":{
    "spans_sc_f":0.4898776418,
    "spans_sc_p":0.6245036869,
    "spans_sc_r":0.4030014641,
    "tok2vec_loss":17.7893374396,
    "spancat_loss":1512.9553673267
  }
}