{
  "lang":"en",
  "name":"pipeline",
  "version":"0.0.0",
  "spacy_version":">=3.5.4,<3.6.0",
  "description":"",
  "author":"",
  "email":"",
  "url":"",
  "license":"",
  "spacy_git_version":"7a2833bf2",
  "vectors":{
    "width":0,
    "vectors":0,
    "keys":0,
    "name":null,
    "mode":"default"
  },
  "labels":{
    "tok2vec":[

    ],
    "spancat":[
      "Invention",
      "MainComponent",
      "SubComponent",
      "ApplicationDomain"
    ]
  },
  "pipeline":[
    "tok2vec",
    "spancat"
  ],
  "components":[
    "tok2vec",
    "spancat"
  ],
  "disabled":[

  ],
  "performance":{
    "spans_sc_f":0.496044473,
    "spans_sc_p":0.5964010283,
    "spans_sc_r":0.4245973646,
    "tok2vec_loss":19.0310376789,
    "spancat_loss":2511.3658893108
  }
}